{"joke_embedding": [-0.002820942085236311, 0.0023833077866584063, -0.0006458383868448436, 0.0008527756435796618, 0.0024982569739222527, -0.000143346274853684, 0.0009416526299901307, 0.0030267760157585144, -0.0015626756940037012, -0.00046099224709905684, -0.00023685532505623996, -0.001375849242322147, 0.0004793690168298781, 0.0010429945541545749, 0.0015166865196079016, -0.0021019387058913708, 0.0022949762642383575, 0.001427334500476718, -0.0017550246557220817, -0.0022228779271245003, 0.0009927192004397511, -0.0011592463124543428, 0.0034358538687229156, 0.0003506654466036707, 0.0007470596465282142, 0.000126796803670004, -0.0007620602264069021, 0.0024088129866868258, -0.0019857303705066442, 0.0011980414856225252, 0.0026530539616942406, -0.0017236688872799277, 0.0003660300571937114, -0.002890661358833313, 0.00030312922899611294, 0.00040036538848653436, 0.0007336670532822609, 0.0008154921233654022, 0.00015978964802343398, 0.0005160503787919879, -1.5410687410621904e-05, -0.0006742122350260615, -0.001567944884300232, 0.0017926839645951986, 0.0010483314981684089, -0.0006100560422055423, 0.0003968701639678329, -0.0010680512059479952, 0.00034812118974514306, -9.27151195355691e-05, 0.0014617503620684147, -0.0010181429097428918, -0.001135098049417138, -0.002775563858449459, -0.0007055089226923883, -0.0007539461948908865, 0.0005884293932467699, 0.00010237540118396282, 7.871245907153934e-05, 0.0003031593805644661, -8.817253547022119e-05, -0.000669136643409729, 0.0026593352667987347, 5.8118399465456605e-05, -0.001359974266961217, 0.001216862234286964, 0.0031300284899771214, 0.0037700633984059095, -0.002111478243023157, 0.0019651963375508785, 0.0004844611103180796, 0.0006745688733644783, 0.0014830296859145164, 0.0019460503244772553, 0.0008319395710714161, 0.00013648459571413696, -8.551339851692319e-05, 0.0015978080919012427, -0.0009261269005946815, -0.0015286811394616961, -0.0035961195826530457, -0.0009317874792031944, 0.0004137430223636329, 0.001502595259808004, -0.0009386393357999623, -0.0018363719573244452, 0.0030786599963903427, -0.0014383391244336963, -0.00013719135313294828, -0.0008215176058001816, 0.00035955465864390135, 6.124411447672173e-05, 0.0028108309488743544, -0.0025078195612877607, 0.003278131829574704, 0.0008095579105429351, 0.002847683848813176, 0.00016332560335285962, 0.00034275706275366247, -0.00010535561887081712], "weather_embedding": [0.0006303429836407304, 0.00032047645072452724, 0.0008594263345003128, 0.0013546075206249952, -0.002674659015610814, -0.0028221711982041597, 0.0013224949361756444, 0.0031289912294596434, -0.0026702573522925377, -0.0035541257821023464, 0.0014627412892878056, -0.0018324153497815132, -0.0010896550957113504, 0.0007817334262654185, -3.310609463369474e-05, 0.0004995041526854038, 0.0018008195329457521, -0.0003702059912029654, -0.0010503603843972087, -0.00432217214256525, 0.00045227905502542853, 0.000905093620531261, 0.002080999780446291, -0.0012995454017072916, -0.0002583753957878798, 0.00039039371768012643, -0.0018225830281153321, 2.2230500690056942e-05, -0.0005879373056814075, 0.0003866591432597488, 0.00045881522237323225, -0.0005773102166131139, 0.0015730904415249825, -0.0023411735892295837, -0.0012762702535837889, 0.0018095371779054403, 0.0015817020321264863, -0.0004498471098486334, -0.001740381121635437, -0.0013243171852082014, 0.0005804103566333652, -0.0005267735687084496, -0.001292571658268571, -0.0003358046233188361, 0.0005776512552984059, -0.0005369953578338027, -0.0019431670662015676, 0.00012539359158836305, 0.0008567540789954364, 0.0017751225968822837, -0.0004132723843213171, -0.001115466933697462, -0.0008198887226171792, 0.0012548323720693588, -0.0005041841650381684, -0.0008120615966618061, 0.0010056074243038893, -0.001824087812565267, -0.0012447789777070284, 0.0003147120005451143, -0.00038296691491268575, -0.0004356743302196264, 0.0016290625790134072, -0.00017105079314205796, -0.0009328739834018052, 0.0033088542986661196, -0.0015251991571858525, 0.00014495461073238403, -0.00233652675524354, -0.0005920755793340504, 0.00033467719913460314, 0.00293540651910007, 0.0009051859378814697, -0.0004989790613763034, 0.0019600046798586845, 0.0006017686682753265, 0.001350500388070941, 0.0005605608457699418, -3.924837437807582e-05, -0.00043106451630592346, -0.00036011109477840364, -0.00013083328667562455, -4.736065602628514e-05, 0.0010981152299791574, -0.0008142773294821382, -0.0010667428141459823, 0.0007843478815630078, 0.00025199103401973844, 0.0011305190855637193, 0.001825394807383418, 0.001361326314508915, 0.0010214288486167789, -0.0008297229069285095, 0.001044715754687786, 0.0026293224655091763, 0.0004487253609113395, -0.0013231136836111546, -0.001632742234505713, 0.0002575790567789227, 0.001119681284762919], "sound_embedding": [0.0010445625521242619, -0.0038902959786355495, -0.0043009063228964806, -0.006024532485753298, 0.0019063472282141447, -0.004821236245334148, -0.002149377716705203, 0.0005004329723306, 0.006587511394172907, -0.004627392627298832, -2.6890262233791873e-05, 0.0038258631248027086, -0.00432025920599699, -0.0020448085851967335, 0.004399147816002369, -0.001976728904992342, -0.004438844509422779, -0.005722615402191877, 0.006379378028213978, -0.0019809522200375795, 0.0007418645545840263, -0.0005816353368572891, 0.0027267562691122293, -0.005098978988826275, 0.005184730980545282, 0.0018797857919707894, 0.0019439499592408538, 0.0046548182144761086, -0.0026859422214329243, 0.0033701215870678425, 0.0031470160465687513, -0.0029838760383427143, -0.0004383126215543598, -0.0037107220850884914, 0.0017656885320320725, -0.0007448742398992181, -0.00563663337379694, 0.0017343137878924608, 0.002783640054985881, 0.0005408423021435738, 0.0007563672843389213, -0.0021185209043323994, -0.003208025824278593, -0.00504358159378171, 0.0020078071393072605, -0.007589711342006922, -0.0008466430008411407, -0.0008618951542302966, 0.0013301956932991743, 0.004622921347618103, 0.0020893304608762264, -0.0013779269065707922, 0.0028880012687295675, 0.0023719791788607836, 0.008776598609983921, 0.0015227452386170626, 0.0013003768399357796, 0.003022491931915283, -0.0046982415951788425, 0.001599052338860929, -0.006479286588728428, -0.0003410638018976897, -0.0015121076721698046, 0.0005793370073661208, -8.487961895298213e-05, 0.00243053468875587, -0.0004662761348299682, 0.004860026761889458, -0.00025862324400804937, 0.002351896371692419, 0.0013143237447366118, 0.0017526451265439391, 0.00829271599650383, 0.00023331455304287374, 0.0012957232538610697, -0.005219962447881699, -0.0017958201933652163, 0.0013818021398037672, 0.0016410152893513441, -0.00034832110395655036, -0.0019487239187583327, 0.0020352909341454506, -0.0045558009296655655, 0.00620041461661458, 0.007708347402513027, -0.00012591453560162336, 0.0032299768645316362, 0.003999234177172184, -0.0008039571112021804, 0.0004544289840850979, 0.0030329683795571327, 0.0016935147577896714, 0.007046620361506939, -0.005480054300278425, 0.0013205897994339466, 0.005749196745455265, 0.0028612534515559673, -0.0001805093779694289, 0.0017593199154362082, -0.006069418974220753]}